SAMPLE.TUMOR	SAMPLE.NORMAL	CHROM	POS	REF	ALT	mut_type	variantCaller	assembly_version	Project	total_read_count	mutant_allele_read_count
BREAST560_001	NORMAL_001	18	25430449	TC	-	DEL	Pindel	GRCh37	BRCA-EU		
BREAST560_001	NORMAL_001	9	139996194	TG	-	DEL	Pindel	GRCh37	BRCA-EU		
BREAST560_001	NORMAL_001	10	63862807	AC	-	DEL	Pindel	GRCh37	BRCA-EU		
BREAST560_001	NORMAL_001	1	16826047	G	-	DEL	Pindel	GRCh37	BRCA-EU		
BREAST560_001	NORMAL_001	1	145107982	A	-	DEL	Pindel	GRCh37	BRCA-EU		
BREAST560_001	NORMAL_001	1	146673431	AACT	-	DEL	Pindel	GRCh37	BRCA-EU		
BREAST560_001	NORMAL_001	1	154751383	A	-	DEL	Pindel	GRCh37	BRCA-EU		
BREAST560_001	NORMAL_001	1	160598693	ACC	-	DEL	Pindel	GRCh37	BRCA-EU		
BREAST560_001	NORMAL_001	1	166438369	TGAT	-	DEL	Pindel	GRCh37	BRCA-EU		
BREAST560_001	NORMAL_001	10	13410138	G	-	DEL	Pindel	GRCh37	BRCA-EU		
BREAST560_001	NORMAL_001	10	30276015	T	-	DEL	Pindel	GRCh37	BRCA-EU		
BREAST560_001	NORMAL_001	10	81992130	T	-	DEL	Pindel	GRCh37	BRCA-EU		
BREAST560_001	NORMAL_001	11	1925927	G	-	DEL	Pindel	GRCh37	BRCA-EU		
BREAST560_001	NORMAL_001	11	61987139	AAGG	-	DEL	Pindel	GRCh37	BRCA-EU		
BREAST560_001	NORMAL_001	11	65207568	AAG	-	DEL	Pindel	GRCh37	BRCA-EU		
BREAST560_001	NORMAL_001	12	10893253	CCTCTCTTTTCCAGGCTCTGGC	-	DEL	Pindel	GRCh37	BRCA-EU		
BREAST560_001	NORMAL_001	12	48555037	AGAC	-	DEL	Pindel	GRCh37	BRCA-EU		
BREAST560_001	NORMAL_001	12	60293730	CATAAA	-	DEL	Pindel	GRCh37	BRCA-EU		
BREAST560_001	NORMAL_001	12	68418383	T	-	DEL	Pindel	GRCh37	BRCA-EU		
BREAST560_001	NORMAL_001	12	87524941	G	-	DEL	Pindel	GRCh37	BRCA-EU		
BREAST560_001	NORMAL_001	12	129836949	TCTG	-	DEL	Pindel	GRCh37	BRCA-EU		
BREAST560_001	NORMAL_001	13	42596636	G	-	DEL	Pindel	GRCh37	BRCA-EU		
BREAST560_001	NORMAL_001	15	27224368	T	-	DEL	Pindel	GRCh37	BRCA-EU		
BREAST560_001	NORMAL_001	15	37725674	AC	-	DEL	Pindel	GRCh37	BRCA-EU		
BREAST560_001	NORMAL_001	18	27697128	A	-	DEL	Pindel	GRCh37	BRCA-EU		
BREAST560_001	NORMAL_001	19	27972165	T	-	DEL	Pindel	GRCh37	BRCA-EU		
BREAST560_001	NORMAL_001	19	29127022	AC	-	DEL	Pindel	GRCh37	BRCA-EU		
BREAST560_001	NORMAL_001	2	9313566	AA	-	DEL	Pindel	GRCh37	BRCA-EU		
BREAST560_001	NORMAL_001	2	37117888	AAGT	-	DEL	Pindel	GRCh37	BRCA-EU		
BREAST560_001	NORMAL_001	2	76853308	A	-	DEL	Pindel	GRCh37	BRCA-EU		
BREAST560_001	NORMAL_001	2	87591600	GATGA	-	DEL	Pindel	GRCh37	BRCA-EU		
BREAST560_001	NORMAL_001	2	205965728	AT	-	DEL	Pindel	GRCh37	BRCA-EU		
BREAST560_001	NORMAL_001	20	54182767	G	-	DEL	Pindel	GRCh37	BRCA-EU		
BREAST560_001	NORMAL_001	21	39507154	AATA	-	DEL	Pindel	GRCh37	BRCA-EU		
BREAST560_001	NORMAL_001	4	10273944	T	-	DEL	Pindel	GRCh37	BRCA-EU		
BREAST560_001	NORMAL_001	4	42428449	CTAAG	-	DEL	Pindel	GRCh37	BRCA-EU		
BREAST560_001	NORMAL_001	4	102718710	ATTTATTAAGAACTATTACTTAC	-	DEL	Pindel	GRCh37	BRCA-EU		
BREAST560_001	NORMAL_001	4	103680620	TAAAA	-	DEL	Pindel	GRCh37	BRCA-EU		
BREAST560_001	NORMAL_001	4	142866493	C	-	DEL	Pindel	GRCh37	BRCA-EU		
BREAST560_001	NORMAL_001	5	12609510	C	-	DEL	Pindel	GRCh37	BRCA-EU		
BREAST560_001	NORMAL_001	5	16419313	GA	-	DEL	Pindel	GRCh37	BRCA-EU		
BREAST560_001	NORMAL_001	5	33615374	T	-	DEL	Pindel	GRCh37	BRCA-EU		
BREAST560_001	NORMAL_001	6	63321449	A	-	DEL	Pindel	GRCh37	BRCA-EU		
BREAST560_001	NORMAL_001	6	102817165	A	-	DEL	Pindel	GRCh37	BRCA-EU		
BREAST560_001	NORMAL_001	6	110417722	A	-	DEL	Pindel	GRCh37	BRCA-EU		
BREAST560_001	NORMAL_001	6	146316049	C	-	DEL	Pindel	GRCh37	BRCA-EU		
BREAST560_001	NORMAL_001	6	158893789	C	-	DEL	Pindel	GRCh37	BRCA-EU		
BREAST560_001	NORMAL_001	7	76097449	CAA	-	DEL	Pindel	GRCh37	BRCA-EU		
BREAST560_001	NORMAL_001	8	3116608	G	-	DEL	Pindel	GRCh37	BRCA-EU		
BREAST560_001	NORMAL_001	8	4403120	G	-	DEL	Pindel	GRCh37	BRCA-EU		
BREAST560_001	NORMAL_001	8	91378698	CTGGACTCTGTATTC	-	DEL	Pindel	GRCh37	BRCA-EU		
BREAST560_001	NORMAL_001	9	78506422	C	-	DEL	Pindel	GRCh37	BRCA-EU		
BREAST560_001	NORMAL_001	X	50803183	AC	-	DEL	Pindel	GRCh37	BRCA-EU		
BREAST560_001	NORMAL_001	8	124747371	C	-	DEL	Pindel	GRCh37	BRCA-EU		
BREAST560_001	NORMAL_001	10	76245980	CT	-	DEL	Pindel	GRCh37	BRCA-EU		
BREAST560_001	NORMAL_001	6	159146359	GT	-	DEL	Pindel	GRCh37	BRCA-EU		
BREAST560_001	NORMAL_001	1	148938296	AT	-	DEL	Pindel	GRCh37	BRCA-EU		
BREAST560_001	NORMAL_001	8	130483354	AG	-	DEL	Pindel	GRCh37	BRCA-EU		
BREAST560_001	NORMAL_001	21	27394182	GTG	-	DEL	Pindel	GRCh37	BRCA-EU		
BREAST560_001	NORMAL_001	1	92845510	ATAA	-	DEL	Pindel	GRCh37	BRCA-EU		
BREAST560_001	NORMAL_001	1	110786274	AG	-	DEL	Pindel	GRCh37	BRCA-EU		
BREAST560_001	NORMAL_001	1	147065838	T	-	DEL	Pindel	GRCh37	BRCA-EU		
BREAST560_001	NORMAL_001	1	169077009	A	-	DEL	Pindel	GRCh37	BRCA-EU		
BREAST560_001	NORMAL_001	10	2065520	GT	-	DEL	Pindel	GRCh37	BRCA-EU		
BREAST560_001	NORMAL_001	10	2143199	AG	-	DEL	Pindel	GRCh37	BRCA-EU		
BREAST560_001	NORMAL_001	10	34944913	GTTC	-	DEL	Pindel	GRCh37	BRCA-EU		
BREAST560_001	NORMAL_001	11	133667234	T	-	DEL	Pindel	GRCh37	BRCA-EU		
BREAST560_001	NORMAL_001	12	123804264	C	-	DEL	Pindel	GRCh37	BRCA-EU		
BREAST560_001	NORMAL_001	12	128298580	A	-	DEL	Pindel	GRCh37	BRCA-EU		
BREAST560_001	NORMAL_001	13	112741698	C	-	DEL	Pindel	GRCh37	BRCA-EU		
BREAST560_001	NORMAL_001	14	95969671	T	-	DEL	Pindel	GRCh37	BRCA-EU		
BREAST560_001	NORMAL_001	16	13694132	GAGAGGAAGGTGA	-	DEL	Pindel	GRCh37	BRCA-EU		
BREAST560_001	NORMAL_001	17	37499439	AGG	-	DEL	Pindel	GRCh37	BRCA-EU		
BREAST560_001	NORMAL_001	18	40633029	TTC	-	DEL	Pindel	GRCh37	BRCA-EU		
BREAST560_001	NORMAL_001	18	71975143	ATGCTGCAAAGGGCAAA	-	DEL	Pindel	GRCh37	BRCA-EU		
BREAST560_001	NORMAL_001	19	32339588	A	-	DEL	Pindel	GRCh37	BRCA-EU		
BREAST560_001	NORMAL_001	19	56457252	CT	-	DEL	Pindel	GRCh37	BRCA-EU		
BREAST560_001	NORMAL_001	2	31562735	A	-	DEL	Pindel	GRCh37	BRCA-EU		
BREAST560_001	NORMAL_001	2	52607668	G	-	DEL	Pindel	GRCh37	BRCA-EU		
BREAST560_001	NORMAL_001	2	173283401	C	-	DEL	Pindel	GRCh37	BRCA-EU		
BREAST560_001	NORMAL_001	20	14111592	C	-	DEL	Pindel	GRCh37	BRCA-EU		
BREAST560_001	NORMAL_001	22	37364837	T	-	DEL	Pindel	GRCh37	BRCA-EU		
BREAST560_001	NORMAL_001	3	46136801	T	-	DEL	Pindel	GRCh37	BRCA-EU		
BREAST560_001	NORMAL_001	3	145754521	A	-	DEL	Pindel	GRCh37	BRCA-EU		
BREAST560_001	NORMAL_001	3	147857620	AT	-	DEL	Pindel	GRCh37	BRCA-EU		
BREAST560_001	NORMAL_001	4	38611147	ACTT	-	DEL	Pindel	GRCh37	BRCA-EU		
BREAST560_001	NORMAL_001	4	85336783	A	-	DEL	Pindel	GRCh37	BRCA-EU		
BREAST560_001	NORMAL_001	6	68112505	TG	-	DEL	Pindel	GRCh37	BRCA-EU		
BREAST560_001	NORMAL_001	6	101641424	A	-	DEL	Pindel	GRCh37	BRCA-EU		
BREAST560_001	NORMAL_001	7	7773989	TTTA	-	DEL	Pindel	GRCh37	BRCA-EU		
BREAST560_001	NORMAL_001	7	57630782	AT	-	DEL	Pindel	GRCh37	BRCA-EU		
BREAST560_001	NORMAL_001	7	108302968	AG	-	DEL	Pindel	GRCh37	BRCA-EU		
BREAST560_001	NORMAL_001	8	46910038	G	-	DEL	Pindel	GRCh37	BRCA-EU		
BREAST560_001	NORMAL_001	8	66691574	A	-	DEL	Pindel	GRCh37	BRCA-EU		
BREAST560_001	NORMAL_001	8	82382610	AG	-	DEL	Pindel	GRCh37	BRCA-EU		
BREAST560_001	NORMAL_001	8	135896244	TTGATT	-	DEL	Pindel	GRCh37	BRCA-EU		
BREAST560_001	NORMAL_001	9	38264056	A	-	DEL	Pindel	GRCh37	BRCA-EU		
BREAST560_001	NORMAL_001	X	7504437	TTC	-	DEL	Pindel	GRCh37	BRCA-EU		
BREAST560_001	NORMAL_001	X	151538516	ATAACATCCATCTTGTAAAGGCTGTCAATATT	-	DEL	Pindel	GRCh37	BRCA-EU		
BREAST560_001	NORMAL_001	1	203544640	T	-	DEL	Pindel	GRCh37	BRCA-EU		
BREAST560_002	NORMAL_002	22	32969939	A	-	DEL	Pindel	GRCh37	BRCA-EU		
BREAST560_002	NORMAL_002	3	50186489	G	-	DEL	Pindel	GRCh37	BRCA-EU		
BREAST560_002	NORMAL_002	1	148938296	AT	-	DEL	Pindel	GRCh37	BRCA-EU		
BREAST560_002	NORMAL_002	1	16194092	TTG	-	DEL	Pindel	GRCh37	BRCA-EU		
BREAST560_002	NORMAL_002	1	75538605	G	-	DEL	Pindel	GRCh37	BRCA-EU		
BREAST560_002	NORMAL_002	1	158813785	G	-	DEL	Pindel	GRCh37	BRCA-EU		
BREAST560_002	NORMAL_002	1	175545207	T	-	DEL	Pindel	GRCh37	BRCA-EU		
BREAST560_002	NORMAL_002	10	77443263	A	-	DEL	Pindel	GRCh37	BRCA-EU		
BREAST560_002	NORMAL_002	10	126425889	AA	-	DEL	Pindel	GRCh37	BRCA-EU		
BREAST560_002	NORMAL_002	11	39682223	A	-	DEL	Pindel	GRCh37	BRCA-EU		
BREAST560_002	NORMAL_002	11	57339523	AAC	-	DEL	Pindel	GRCh37	BRCA-EU		
BREAST560_002	NORMAL_002	11	81495568	G	-	DEL	Pindel	GRCh37	BRCA-EU		
BREAST560_002	NORMAL_002	11	104973952	ATGACCTAGTCAG	-	DEL	Pindel	GRCh37	BRCA-EU		
BREAST560_002	NORMAL_002	11	114084699	TT	-	DEL	Pindel	GRCh37	BRCA-EU		
BREAST560_002	NORMAL_002	13	31695697	G	-	DEL	Pindel	GRCh37	BRCA-EU		
BREAST560_002	NORMAL_002	13	57869448	T	-	DEL	Pindel	GRCh37	BRCA-EU		
BREAST560_002	NORMAL_002	15	20026681	A	-	DEL	Pindel	GRCh37	BRCA-EU		
BREAST560_002	NORMAL_002	15	65292724	AT	-	DEL	Pindel	GRCh37	BRCA-EU		
BREAST560_002	NORMAL_002	17	27828260	AG	-	DEL	Pindel	GRCh37	BRCA-EU		
BREAST560_002	NORMAL_002	17	48088440	GTTT	-	DEL	Pindel	GRCh37	BRCA-EU		
BREAST560_002	NORMAL_002	17	76645294	A	-	DEL	Pindel	GRCh37	BRCA-EU		
BREAST560_002	NORMAL_002	18	14990825	G	-	DEL	Pindel	GRCh37	BRCA-EU		
BREAST560_002	NORMAL_002	18	23707206	G	-	DEL	Pindel	GRCh37	BRCA-EU		
BREAST560_002	NORMAL_002	18	26265613	ATA	-	DEL	Pindel	GRCh37	BRCA-EU		
BREAST560_002	NORMAL_002	19	6087954	C	-	DEL	Pindel	GRCh37	BRCA-EU		
BREAST560_002	NORMAL_002	2	21817135	TA	-	DEL	Pindel	GRCh37	BRCA-EU		
BREAST560_002	NORMAL_002	2	67536283	T	-	DEL	Pindel	GRCh37	BRCA-EU		
BREAST560_002	NORMAL_002	2	82419208	T	-	DEL	Pindel	GRCh37	BRCA-EU		
BREAST560_002	NORMAL_002	2	141474543	A	-	DEL	Pindel	GRCh37	BRCA-EU		
BREAST560_002	NORMAL_002	2	158419995	A	-	DEL	Pindel	GRCh37	BRCA-EU		
BREAST560_002	NORMAL_002	2	185668586	T	-	DEL	Pindel	GRCh37	BRCA-EU		
BREAST560_002	NORMAL_002	2	212442660	A	-	DEL	Pindel	GRCh37	BRCA-EU		
BREAST560_002	NORMAL_002	20	30122264	TGTGTT	-	DEL	Pindel	GRCh37	BRCA-EU		
BREAST560_002	NORMAL_002	20	57260081	C	-	DEL	Pindel	GRCh37	BRCA-EU		
BREAST560_002	NORMAL_002	21	10378210	AC	-	DEL	Pindel	GRCh37	BRCA-EU		
BREAST560_002	NORMAL_002	21	22259987	T	-	DEL	Pindel	GRCh37	BRCA-EU		
BREAST560_002	NORMAL_002	21	38894840	TAATT	-	DEL	Pindel	GRCh37	BRCA-EU		
BREAST560_002	NORMAL_002	3	2553367	TTTAC	-	DEL	Pindel	GRCh37	BRCA-EU		
BREAST560_002	NORMAL_002	3	7833300	T	-	DEL	Pindel	GRCh37	BRCA-EU		
BREAST560_002	NORMAL_002	3	68800078	C	-	DEL	Pindel	GRCh37	BRCA-EU		
BREAST560_002	NORMAL_002	3	87651605	A	-	DEL	Pindel	GRCh37	BRCA-EU		
BREAST560_002	NORMAL_002	3	98119461	A	-	DEL	Pindel	GRCh37	BRCA-EU		
BREAST560_002	NORMAL_002	3	130904184	T	-	DEL	Pindel	GRCh37	BRCA-EU		
BREAST560_002	NORMAL_002	3	137377486	C	-	DEL	Pindel	GRCh37	BRCA-EU		
BREAST560_002	NORMAL_002	3	159838199	A	-	DEL	Pindel	GRCh37	BRCA-EU		
BREAST560_002	NORMAL_002	3	166042401	G	-	DEL	Pindel	GRCh37	BRCA-EU		
BREAST560_002	NORMAL_002	3	173509323	TC	-	DEL	Pindel	GRCh37	BRCA-EU		
BREAST560_002	NORMAL_002	4	26765785	TATT	-	DEL	Pindel	GRCh37	BRCA-EU		
BREAST560_002	NORMAL_002	4	49239216	A	-	DEL	Pindel	GRCh37	BRCA-EU		
BREAST560_002	NORMAL_002	4	134934267	A	-	DEL	Pindel	GRCh37	BRCA-EU		
BREAST560_003	NORMAL_003	7	109848212	A	-	DEL	Pindel	GRCh37	BRCA-EU		
BREAST560_003	NORMAL_003	4	98337483	T	-	DEL	Pindel	GRCh37	BRCA-EU		
BREAST560_003	NORMAL_003	8	55222385	T	-	DEL	Pindel	GRCh37	BRCA-EU		
BREAST560_003	NORMAL_003	6	156812235	G	-	DEL	Pindel	GRCh37	BRCA-EU		
BREAST560_003	NORMAL_003	12	73637632	A	-	DEL	Pindel	GRCh37	BRCA-EU		
BREAST560_003	NORMAL_003	13	70675569	T	-	DEL	Pindel	GRCh37	BRCA-EU		
BREAST560_003	NORMAL_003	2	236025651	A	-	DEL	Pindel	GRCh37	BRCA-EU		
BREAST560_003	NORMAL_003	1	4170615	A	-	DEL	Pindel	GRCh37	BRCA-EU		
BREAST560_003	NORMAL_003	1	7392887	AC	-	DEL	Pindel	GRCh37	BRCA-EU		
BREAST560_003	NORMAL_003	1	18898392	A	-	DEL	Pindel	GRCh37	BRCA-EU		
BREAST560_003	NORMAL_003	1	44590715	C	-	DEL	Pindel	GRCh37	BRCA-EU		
BREAST560_003	NORMAL_003	1	49437852	T	-	DEL	Pindel	GRCh37	BRCA-EU		
BREAST560_003	NORMAL_003	1	59689105	TGGGGCCTTCCAGAAATGGGTGACACCCATGA	-	DEL	Pindel	GRCh37	BRCA-EU		
BREAST560_003	NORMAL_003	1	60717347	C	-	DEL	Pindel	GRCh37	BRCA-EU		
BREAST560_003	NORMAL_003	1	73421104	T	-	DEL	Pindel	GRCh37	BRCA-EU		
BREAST560_003	NORMAL_003	1	83028277	GTTCAGTGAGACATA	-	DEL	Pindel	GRCh37	BRCA-EU		
BREAST560_003	NORMAL_003	1	93462592	TTAATATTCGGGGTTTCCCTTTTTC	-	DEL	Pindel	GRCh37	BRCA-EU		
BREAST560_003	NORMAL_003	1	97829109	A	-	DEL	Pindel	GRCh37	BRCA-EU		
BREAST560_003	NORMAL_003	1	99434280	A	-	DEL	Pindel	GRCh37	BRCA-EU		
BREAST560_003	NORMAL_003	1	106661874	TTTAAGGTATCAAGCTTAAC	-	DEL	Pindel	GRCh37	BRCA-EU		
BREAST560_003	NORMAL_003	1	107899560	G	-	DEL	Pindel	GRCh37	BRCA-EU		
BREAST560_003	NORMAL_003	1	115384238	T	-	DEL	Pindel	GRCh37	BRCA-EU		
BREAST560_003	NORMAL_003	1	151476075	AGATGGGAAGTAGAATCAGC	-	DEL	Pindel	GRCh37	BRCA-EU		
BREAST560_003	NORMAL_003	1	158742235	C	-	DEL	Pindel	GRCh37	BRCA-EU		
BREAST560_003	NORMAL_003	1	160423232	C	-	DEL	Pindel	GRCh37	BRCA-EU		
BREAST560_003	NORMAL_003	1	161212091	A	-	DEL	Pindel	GRCh37	BRCA-EU		
BREAST560_003	NORMAL_003	1	185418115	TGTGTACACCTAACTCAGTGTCTGGCA	-	DEL	Pindel	GRCh37	BRCA-EU		
BREAST560_003	NORMAL_003	1	191086488	TCAGTTACATG	-	DEL	Pindel	GRCh37	BRCA-EU		
BREAST560_003	NORMAL_003	1	211117350	A	-	DEL	Pindel	GRCh37	BRCA-EU		
BREAST560_003	NORMAL_003	1	211215108	T	-	DEL	Pindel	GRCh37	BRCA-EU		
BREAST560_004	NORMAL_004	1	7283964	C	-	DEL	Pindel	GRCh37	BRCA-EU		
BREAST560_004	NORMAL_004	1	17633912	TAT	-	DEL	Pindel	GRCh37	BRCA-EU		
BREAST560_004	NORMAL_004	1	21231578	ACC	-	DEL	Pindel	GRCh37	BRCA-EU		
BREAST560_004	NORMAL_004	1	38671035	AT	-	DEL	PCAWG_consensus	GRCh37	BRCA-EU	57	10
BREAST560_004	NORMAL_004	1	41620285	AAAT	-	DEL	PCAWG_consensus	GRCh37	BRCA-EU	51	18
BREAST560_004	NORMAL_004	1	67999997	C	-	DEL	Pindel	GRCh37	BRCA-EU		
BREAST560_004	NORMAL_004	1	90352054	TC	-	DEL	Pindel	GRCh37	BRCA-EU		
BREAST560_004	NORMAL_004	1	172204704	C	-	DEL	Pindel	GRCh37	BRCA-EU		
BREAST560_004	NORMAL_004	1	178120933	T	-	DEL	Pindel	GRCh37	BRCA-EU		
BREAST560_004	NORMAL_004	1	193761565	G	-	DEL	Pindel	GRCh37	BRCA-EU		
BREAST560_004	NORMAL_004	1	203472098	G	-	DEL	Pindel	GRCh37	BRCA-EU		
BREAST560_004	NORMAL_004	1	220227148	C	-	DEL	PCAWG_consensus	GRCh37	BRCA-EU	85	8
BREAST560_004	NORMAL_004	1	233353400	AA	-	DEL	Pindel	GRCh37	BRCA-EU		
BREAST560_004	NORMAL_004	10	11137571	T	-	DEL	PCAWG_consensus	GRCh37	BRCA-EU	68	13
BREAST560_004	NORMAL_004	10	19571134	AAAC	-	DEL	PCAWG_consensus	GRCh37	BRCA-EU	48	10
BREAST560_004	NORMAL_004	10	30109414	G	-	DEL	Pindel	GRCh37	BRCA-EU		
BREAST560_004	NORMAL_004	10	71366832	AG	-	DEL	Pindel	GRCh37	BRCA-EU		
BREAST560_004	NORMAL_004	10	101004632	T	-	DEL	PCAWG_consensus	GRCh37	BRCA-EU	46	9
BREAST560_004	NORMAL_004	10	123988837	GTC	-	DEL	PCAWG_consensus	GRCh37	BRCA-EU	51	9
BREAST560_004	NORMAL_004	11	8408223	T	-	DEL	Pindel	GRCh37	BRCA-EU		
BREAST560_004	NORMAL_004	11	15207392	TTG	-	DEL	Pindel	GRCh37	BRCA-EU		
BREAST560_004	NORMAL_004	11	42195508	AA	-	DEL	Pindel	GRCh37	BRCA-EU		
BREAST560_004	NORMAL_004	11	59414992	AAGT	-	DEL	Pindel	GRCh37	BRCA-EU		
BREAST560_004	NORMAL_004	11	84434848	T	-	DEL	Pindel	GRCh37	BRCA-EU		
BREAST560_004	NORMAL_004	11	96036917	G	-	DEL	PCAWG_consensus	GRCh37	BRCA-EU	60	5
BREAST560_004	NORMAL_004	11	99387468	T	-	DEL	PCAWG_consensus	GRCh37	BRCA-EU	54	10
BREAST560_004	NORMAL_004	11	112049770	A	-	DEL	PCAWG_consensus	GRCh37	BRCA-EU	62	6
BREAST560_004	NORMAL_004	11	120248990	T	-	DEL	Pindel	GRCh37	BRCA-EU		
BREAST560_004	NORMAL_004	12	3525912	A	-	DEL	PCAWG_consensus	GRCh37	BRCA-EU	61	12
BREAST560_004	NORMAL_004	12	8309514	A	-	DEL	Pindel	GRCh37	BRCA-EU		
BREAST560_004	NORMAL_004	12	43324919	TAA	-	DEL	PCAWG_consensus	GRCh37	BRCA-EU	75	23
BREAST560_004	NORMAL_004	12	67985952	T	-	DEL	Pindel	GRCh37	BRCA-EU		
BREAST560_004	NORMAL_004	12	69575352	G	-	DEL	Pindel	GRCh37	BRCA-EU		
BREAST560_004	NORMAL_004	12	99137628	T	-	DEL	PCAWG_consensus	GRCh37	BRCA-EU	48	18
BREAST560_004	NORMAL_004	13	109088742	TTT	-	DEL	Pindel	GRCh37	BRCA-EU		
BREAST560_004	NORMAL_004	14	31432748	G	-	DEL	PCAWG_consensus	GRCh37	BRCA-EU	47	15
BREAST560_004	NORMAL_004	14	31991583	T	-	DEL	PCAWG_consensus	GRCh37	BRCA-EU	46	7
BREAST560_004	NORMAL_004	14	33508098	TTATC	-	DEL	PCAWG_consensus	GRCh37	BRCA-EU	55	14
BREAST560_004	NORMAL_004	14	79250425	C	-	DEL	Pindel	GRCh37	BRCA-EU		
BREAST560_004	NORMAL_004	15	48017916	A	-	DEL	Pindel	GRCh37	BRCA-EU		
BREAST560_005	NORMAL_005	X	83840884	A	-	DEL	Pindel	GRCh37	BRCA-EU		
BREAST560_005	NORMAL_005	X	96700914	A	-	DEL	Pindel	GRCh37	BRCA-EU		
BREAST560_005	NORMAL_005	X	99385017	T	-	DEL	Pindel	GRCh37	BRCA-EU		
BREAST560_005	NORMAL_005	3	103892376	A	-	DEL	Pindel	GRCh37	BRCA-EU		
BREAST560_005	NORMAL_005	12	47515844	T	-	DEL	Pindel	GRCh37	BRCA-EU		
BREAST560_005	NORMAL_005	10	55652268	C	-	DEL	Pindel	GRCh37	BRCA-EU		
BREAST560_005	NORMAL_005	7	2435822	A	-	DEL	Pindel	GRCh37	BRCA-EU		
BREAST560_005	NORMAL_005	13	109181753	T	-	DEL	Pindel	GRCh37	BRCA-EU		
BREAST560_005	NORMAL_005	20	24863163	A	-	DEL	Pindel	GRCh37	BRCA-EU		
BREAST560_005	NORMAL_005	3	189690402	T	-	DEL	Pindel	GRCh37	BRCA-EU		
BREAST560_005	NORMAL_005	5	133199024	A	-	DEL	Pindel	GRCh37	BRCA-EU		
BREAST560_005	NORMAL_005	6	48854348	T	-	DEL	Pindel	GRCh37	BRCA-EU		
BREAST560_005	NORMAL_005	7	29476511	T	-	DEL	Pindel	GRCh37	BRCA-EU		
BREAST560_005	NORMAL_005	1	151196703	T	-	DEL	Pindel	GRCh37	BRCA-EU		
BREAST560_005	NORMAL_005	2	216260858	T	-	DEL	Pindel	GRCh37	BRCA-EU		
BREAST560_005	NORMAL_005	13	71685645	A	-	DEL	Pindel	GRCh37	BRCA-EU		
BREAST560_005	NORMAL_005	5	18863014	T	-	DEL	Pindel	GRCh37	BRCA-EU		
BREAST560_005	NORMAL_005	8	113257048	A	-	DEL	Pindel	GRCh37	BRCA-EU		
BREAST560_005	NORMAL_005	10	58759539	A	-	DEL	Pindel	GRCh37	BRCA-EU		
BREAST560_005	NORMAL_005	5	18406846	T	-	DEL	Pindel	GRCh37	BRCA-EU		
BREAST560_005	NORMAL_005	1	1040886	A	-	DEL	Pindel	GRCh37	BRCA-EU		
BREAST560_005	NORMAL_005	1	1131530	T	-	DEL	Pindel	GRCh37	BRCA-EU		
BREAST560_005	NORMAL_005	1	1266836	G	-	DEL	Pindel	GRCh37	BRCA-EU		
BREAST560_005	NORMAL_005	1	1807751	T	-	DEL	Pindel	GRCh37	BRCA-EU		
BREAST560_005	NORMAL_005	1	1812035	T	-	DEL	Pindel	GRCh37	BRCA-EU		
BREAST560_006	NORMAL_006	21	10090190	AC	-	DEL	Pindel	GRCh37	BRCA-EU		
BREAST560_006	NORMAL_006	4	178790558	A	-	DEL	Pindel	GRCh37	BRCA-EU		
BREAST560_006	NORMAL_006	X	5902422	A	-	DEL	PCAWG_consensus	GRCh37	BRCA-EU	95	57
BREAST560_006	NORMAL_006	1	97415915	T	-	DEL	PCAWG_consensus	GRCh37	BRCA-EU	92	7
BREAST560_006	NORMAL_006	1	246567428	AGCTGTAAGTGGAAATTTTTTGCTTTTCGTTATAAA	-	DEL	PCAWG_consensus	GRCh37	BRCA-EU	83	8
BREAST560_006	NORMAL_006	10	1891582	AAAAATAAAATAA	-	DEL	PCAWG_consensus	GRCh37	BRCA-EU	148	10
BREAST560_006	NORMAL_006	10	38475118	ACTTGTTTTGTCACAATATTGCCTGAAATATTACATTTAGGATTAGTA	-	DEL	PCAWG_consensus	GRCh37	BRCA-EU	131	12
BREAST560_006	NORMAL_006	10	87866446	ATGATCAGGA	-	DEL	PCAWG_consensus	GRCh37	BRCA-EU	90	9
BREAST560_006	NORMAL_006	10	125389820	GTAACAAGATTCAGGTGCTTCCAT	-	DEL	PCAWG_consensus	GRCh37	BRCA-EU	88	13
BREAST560_006	NORMAL_006	11	60550598	TCAAAGTCAGTCAGTCCTGGCATCAGGGACTATCTGTACAGCCGCTGGC	-	DEL	PCAWG_consensus	GRCh37	BRCA-EU	35	21
BREAST560_006	NORMAL_006	11	81086528	GGCAA	-	DEL	PCAWG_consensus	GRCh37	BRCA-EU	66	42
BREAST560_006	NORMAL_006	12	2869255	TGCTGTTGCCTGCC	-	DEL	PCAWG_consensus	GRCh37	BRCA-EU	50	13
BREAST560_006	NORMAL_006	12	19574026	CCAAGCACTTTGGAAGA	-	DEL	PCAWG_consensus	GRCh37	BRCA-EU	22	10
BREAST560_006	NORMAL_006	12	46639118	AAAAATGGCC	-	DEL	PCAWG_consensus	GRCh37	BRCA-EU	75	9
BREAST560_006	NORMAL_006	12	76941488	AATTAAAATGCCAC	-	DEL	PCAWG_consensus	GRCh37	BRCA-EU	71	6
BREAST560_006	NORMAL_006	12	98369847	AATTTTCATC	-	DEL	PCAWG_consensus	GRCh37	BRCA-EU	75	8
BREAST560_006	NORMAL_006	14	41565741	ACATTTGGA	-	DEL	PCAWG_consensus	GRCh37	BRCA-EU	76	6
BREAST560_006	NORMAL_006	14	84823281	ACATAAAAACAGAC	-	DEL	PCAWG_consensus	GRCh37	BRCA-EU	64	47
BREAST560_006	NORMAL_006	15	64694892	TTTTTGTA	-	DEL	PCAWG_consensus	GRCh37	BRCA-EU	52	16
BREAST560_006	NORMAL_006	15	84913371	T	-	DEL	PCAWG_consensus	GRCh37	BRCA-EU	20	17
BREAST560_006	NORMAL_006	15	102459087	CTACAAGGGGGAG	-	DEL	PCAWG_consensus	GRCh37	BRCA-EU	102	26
BREAST560_006	NORMAL_006	16	52866376	CTGGGAGGTTGAAGAGGCTACAAGACTAA	-	DEL	PCAWG_consensus	GRCh37	BRCA-EU	68	5
BREAST560_006	NORMAL_006	19	51980814	TTGGA	-	DEL	PCAWG_consensus	GRCh37	BRCA-EU	59	4
BREAST560_006	NORMAL_006	2	27013068	GTTGA	-	DEL	PCAWG_consensus	GRCh37	BRCA-EU	113	17
BREAST560_006	NORMAL_006	2	57619172	ATCCTCTTTAAAGGCAACCTCACTTTTTCTACAGGAAGCTTCTTTCAGTTCCTTCT	-	DEL	PCAWG_consensus	GRCh37	BRCA-EU	112	7
BREAST560_006	NORMAL_006	2	84651609	AGTGTTATATTCCAAGAGCAGGATCATGCAA	-	DEL	PCAWG_consensus	GRCh37	BRCA-EU	111	4
BREAST560_006	NORMAL_006	2	98182214	GTGGGAGTGTCAATTAGTTCAACCATT	-	DEL	PCAWG_consensus	GRCh37	BRCA-EU	110	9
BREAST560_006	NORMAL_006	20	4580591	TAAGTCTTTTATTATATCA	-	DEL	PCAWG_consensus	GRCh37	BRCA-EU	116	13
BREAST560_006	NORMAL_006	20	38166376	ACATTTCCAGGT	-	DEL	PCAWG_consensus	GRCh37	BRCA-EU	125	5
BREAST560_006	NORMAL_006	20	40470082	TTTC	-	DEL	PCAWG_consensus	GRCh37	BRCA-EU	82	14
